DATA;ORA_REGISTRAZIONE;LUOGO;CIVICO;INTERSEZIONE_STRADALE;TIPOLOGIA;NATURA_SINISTRO;VEICOLI;MASCHI;FEMMINE;PROGNOSI_MIN_30_GIORNI;PROGNOSI_MAG_30_GIORNI;PROGNOSI_RISERVATA;DECEDUTI
2015-01-01;12:19:00;VIA BARRACCA MANNA;46;;Incidente stradale senza feriti;Urto con veicolo in sosta;2;0;0;0;0;0;0;
2015-01-01;05:46:00;ASSE MEDIANO DI SCORRIMENTO;KM. 8,700;;Incidente stradale con feriti;Uscita x sbandamento;1;0;1;1;0;0;0;
2015-01-01;03:15:00;VIA MONTE SABOTINO;11;;Incidente stradale senza feriti;Urto con veicolo in sosta;2;1;0;0;0;0;0;
2015-01-02;23:11:00;PIAZZA CASTELLANI;;;Incidente stradale con feriti;Caduta dal veicolo x imperizia;1;1;0;0;1;0;0;
2015-01-03;02:56:00;VIALE MONASTIR;sn;VIA DEL FANGARIO;Incidente stradale senza feriti;Uscita x sbandamento;1;1;0;0;0;0;0;
2015-01-03;16:52:00;VIA BACAREDDA;< x >;VIA BALBO;Incidente stradale senza feriti;Tamponamento;2;2;0;0;0;0;0;
2015-01-03;06:30:00;VIA LUNGO SALINE;sn;VIA MONTECRISTO;Incidente stradale senza feriti;Uscita x sbandamento;1;1;0;0;0;0;0;
2015-01-04;20:37:00;ROTATORIA CADELLO/IS MIRRIONIS;sn;VIA CAMPANIA;Incidente stradale senza feriti;Urto laterale;2;0;2;0;0;0;0;
2015-01-04;19:03:00;S.S. 195;sn;;Incidente stradale senza feriti;Frontale / laterale;2;2;0;0;0;0;0;
2015-01-04;04:48:00;VIALE POETTO;sn;VIA TRAMONTANA;Incidente stradale senza feriti;Frontale / laterale;2;1;1;0;0;0;0;
2015-01-05;09:48:00;VIA S.ALENIXEDDA;79;;Danneggiamento;Cornicione su auto;2;0;0;0;0;0;0;
2015-01-05;16:40:00;VIA DEI GENOVESI;< x >;VIA FIUME;Danneggiamento;Danneggiamento auto in sosta;1;0;0;0;0;0;0;
2015-01-05;16:41:00;VIALE LA PLAIA;26;;Incidente stradale con feriti;Tamponamento;3;3;0;1;0;0;0;
2015-01-05;12:32:00;VIA BACAREDDA;sn;;Incidente stradale senza feriti;Tamponamento;2;1;1;0;0;0;0;
2015-01-05;12:17:00;VIA SONNINO;sn;VIA XX SETTEMBRE;Incidente stradale senza feriti;Tamponamento;2;2;0;0;0;0;0;
2015-01-06;19:07:00;VIA CASTELLI;sn;VIA CASTELLI;Incidente stradale con feriti;Frontale / laterale;2;3;0;2;1;0;0;
2015-01-06;17:31:00;VIA PO;sn;VIA S.GILLA;Incidente stradale senza feriti;Frontale / laterale;2;1;1;0;0;0;0;
2015-01-06;10:05:00;VIA SCANO;sn;;Incidente stradale senza feriti;Tamponamento;2;2;0;0;0;0;0;
2015-01-07;19:36:00;ROTATORIA IS PONTIS PARIS;sn;VIALE GUGLIELMO MARCONI;Incidente stradale senza feriti;Urto laterale;2;1;1;0;0;0;0;
2015-01-07;19:12:00;VIA SANNA RANDACCIO;64;;Incidente stradale senza feriti;Frontale / laterale;2;1;0;0;0;0;0;
2015-01-07;18:34:00;VIA CALAMATTIA;< x >;VICO RIVA VILLASANTA;Incidente stradale senza feriti;Semaforo rosso;2;1;1;0;0;0;0;
2015-01-07;14:06:00;VIA BACAREDDA;158;;Incidente stradale con feriti;Frontale / laterale;2;1;1;0;1;0;0;
2015-01-07;12:01:00;VIA S.MARGHERITA;90;;Incidente stradale senza feriti;Urto con veicolo in sosta;5;0;1;0;0;0;0;
2015-01-07;09:57:00;VIA LUNGO SALINE;sn;VIA CAVALLEGGERI;Incidente stradale senza feriti;Tamponamento;2;2;0;0;0;0;0;
2015-01-08;15:12:00;VIA ROCKEFELLER;sn;VIALE DIAZ;Incidente stradale senza feriti;Urto laterale;2;0;2;0;0;0;0;
2015-01-08;14:44:00;VIA ANFITEATRO;sn;;Danneggiamento;Ramo su auto;1;0;0;0;0;0;0;
2015-01-08;12:40:00;VIA PACINOTTI;sn;;Incidente stradale per caduta di pedone;Caduta di pedone x mattonelle divelte;0;0;1;0;0;0;0;
2015-01-08;12:50:00;VIA COCCO ORTU;71;;Incidente stradale senza feriti;Urto laterale;3;1;1;0;0;0;0;
2015-01-08;09:27:00;VIA DELLA PINETA;sn;VIA FIRENZE;Incidente stradale con feriti;Investimento di pedone;1;1;1;0;1;0;0;
2015-01-09;08:50:00;CIRCON. 131 DIR.;KM.2,200;;Incidente stradale con feriti;Tamponamento;6;2;5;2;0;0;0;
2015-01-09;02:52:00;PIAZZA GIOVANNI XXIII;< x >;VIA DANTE;Incidente stradale senza feriti;Urto con veicolo in sosta;2;1;0;0;0;0;0;
2015-01-09;19:45:00;VIA IS MAGLIAS;87;;Incidente stradale con feriti;Investimento di pedone;1;1;1;0;1;0;0;
2015-01-09;18:41:00;VIA VESALIO;;;Incidente stradale con feriti;Investimento di pedone;1;0;3;1;1;0;0;
2015-01-09;18:34:00;VIA LIGURIA;sn;VIA ISTRIA;Incidente stradale con feriti;Frontale / laterale;2;3;2;3;0;0;0;
2015-01-09;17:03:00;VIA DELLA PINETA;58;;Incidente stradale senza feriti;Manovra di retromarcia;2;2;0;0;0;0;0;
2015-01-09;16:03:00;VIA LUNGO SALINE;;VIA ISOLA S.PIETRO;Incidente stradale con feriti;Uscita x sbandamento;1;1;0;0;1;0;0;
2015-01-10;03:19:00;VIA ANGLONA;sn;VIA OGLIASTRA;Incidente stradale senza feriti;Frontale / laterale;2;1;0;0;0;0;0;
2015-01-10;22:12:00;VIA ITALIA;< x >;VIA DOLIANOVA;Incidente stradale senza feriti;Frontale / laterale;2;2;0;0;0;0;0;
2015-01-10;19:37:00;VIA FRANCOFORTE;sn;VIA NIZZA;Incidente stradale con feriti;Frontale / laterale;2;2;0;0;1;0;0;
2015-01-10;15:42:00;VIA STAMIRA;sn;VIA TAMBURINO SARDO;Incidente stradale senza feriti;Frontale / laterale;2;1;1;0;0;0;0;
2015-01-11;14:23:00;VIA DANTE;sn;VIA DE GIOANNIS;Incidente stradale con feriti;Uscita x sbandamento;1;1;1;2;0;0;0;
2015-01-11;04:41:00;VIALE POETTO;< x >;VIALE S.BARTOLOMEO;Incidente stradale senza feriti;Uscita x sbandamento;1;0;1;0;0;0;0;
2015-01-12;08:20:00;PIAZZA MADRE TERESA DI CALCUTTA;sn;;Incidente stradale senza feriti;;2;2;0;0;0;0;0;
2015-01-12;11:04:00;VIA TAMBURINO SARDO;44;;Incidente stradale con feriti;Investimento di pedone;1;1;1;0;1;0;0;
2015-01-12;09:44:00;VIA IS MAGLIAS;sn;VIA MONTE SABOTINO;Incidente stradale senza feriti;Frontale / laterale;2;1;1;0;0;0;0;
2015-01-12;08:19:00;VIALE ELMAS;sn;VIA DELL`  ARTIGIANATO;Incidente stradale senza feriti;Frontale / laterale;2;1;1;0;0;0;0;
2015-01-13;20:22:00;VIA SCANO;sn;VIA CUGIA;Incidente stradale senza feriti;Frontale / laterale;2;1;1;0;0;0;0;
2015-01-13;11:49:00;VIA BOSCO CAPPUCCIO;79;;Incidente stradale per caduta di pedone;Caduta di pedone x mattonelle divelte;0;0;1;1;0;0;0;
2015-01-14;17:14:00;VIA DEL CANNETO;sn;VIA DELLE RANE;Incidente stradale senza feriti;Frontale / laterale;3;1;1;0;0;0;0;
2015-01-14;16:42:00;VIA MERCALLI;;;Incidente stradale con feriti;Urto laterale;2;1;1;1;0;0;0;
2015-01-15;23:42:00;ASSE MEDIANO DI SCORRIMENTO;< x >;VIA CONVERSI;Incidente stradale con feriti;Uscita x sbandamento;1;1;0;1;0;0;0;
2015-01-15;17:06:00;VIA GHERARDO DELLE NOTTI;sn;VIALE MONASTIR;Incidente stradale con feriti;Tamponamento;2;2;1;2;0;0;0;
2015-01-15;15:43:00;VIA LA VEGA;fr. 9;;Incidente stradale con feriti;Urto laterale;2;1;2;1;1;0;0;
2015-01-15;11:32:00;VIALE MONASTIR;sn;VIA GHERARDO DELLE NOTTI;Incidente stradale senza feriti;Frontale / laterale;2;1;0;0;0;0;0;
2015-01-15;09:47:00;VIA ROMA;201;;Incidente stradale con feriti;Investimento di pedone;1;2;0;1;0;0;0;
2015-01-16;17:17:00;VIALE MONASTIR;sn;VIA LUNIGIANA;Incidente stradale senza feriti;Frontale / laterale;2;2;0;0;0;0;0;
2015-01-16;22:39:00;VIA DANTE;65;;Incidente stradale senza feriti;Urto con veicolo in sosta;2;1;0;0;0;0;0;
2015-01-17;14:11:00;VIALE GUGLIELMO MARCONI;sn;;Incidente stradale senza feriti;Urto laterale;2;1;1;0;0;0;0;
2015-01-17;12:53:00;VIA S.MICHELE;sn;PIAZZA S.MICHELE;Incidente stradale senza feriti;Urto laterale;2;2;0;0;0;0;0;
2015-01-17;10:18:00;VIALE REG. MARGHERITA;91;VIA E. D`ARBOREA;Danneggiamento;Caduta dal veicolo x Buca;1;1;0;1;0;0;0;
2015-01-17;05:49:00;PIAZZA MATTEOTTI;;;Incidente stradale senza feriti;Uscita x sbandamento;1;1;0;0;0;0;0;
2015-01-17;03:36:00;VIA IS MAGLIAS;< x >;VIA MONTE SABOTINO;Incidente stradale con feriti;Frontale / laterale;2;1;1;1;0;0;0;
2015-01-18;13:52:00;VIALE MERELLO;sem p. armi;;Incidente stradale senza feriti;Tamponamento;2;1;1;0;0;0;0;
2015-01-18;18:42:00;VIA BACAREDDA;< x >;VIA DEI GIUDICATI;Incidente stradale senza feriti;Semaforo rosso;2;2;0;0;0;0;0;
2015-01-19;15:04:00;VIA GARZIA RAFFA;sn;VIA COLOMBI;Incidente stradale senza feriti;Urto con veicolo in sosta;3;0;1;0;0;0;0;
2015-01-19;11:59:00;VIA ROMA;sn;;Incidente stradale senza feriti;Apertura portiera;2;1;1;0;0;0;0;
2015-01-19;09:51:00;VIALE DIAZ;107;;Incidente stradale senza feriti;Frontale / laterale;2;2;0;0;0;0;0;
2015-01-19;08:53:00;VIALE MERELLO;89;;Incidente stradale con feriti;Urto laterale;2;1;1;1;0;0;0;
2015-01-19;00:27:00;VIALE DIAZ;sn;PIAZZA MARCO POLO;Incidente stradale senza feriti;Uscita x sbandamento;1;0;1;0;0;0;0;
2015-01-19;21:39:00;VIALE REG. ELENA;8;;Incidente stradale con feriti;Caduta dal veicolo x imperizia;1;1;0;1;0;0;0;
2015-01-20;17:24:00;PIAZZA S.BENEDETTO;5;;Incidente stradale senza feriti;Urto laterale;2;2;0;0;0;0;0;
2015-01-20;15:12:00;ASSE MEDIANO DI SCORRIMENTO;KM. 7,100;;Incidente stradale senza feriti;Urto laterale;2;2;0;0;0;0;0;
2015-01-20;16:02:00;VIA BACAREDDA;sn;VIA COCCO ORTU;Incidente stradale con feriti;Cambio di corsia;2;1;1;1;0;0;0;
2015-01-20;14:13:00;VIA MALPIGHI;< x >;VIA GUADAZZONIS;Incidente stradale senza feriti;Frontale / laterale;2;2;0;0;0;0;0;
2015-01-20;07:50:00;S.S. 131 DIR.;km.4,700;;Incidente stradale senza feriti;Frontale / laterale;2;2;0;0;0;0;0;
2015-01-21;17:42:00;VIALE GUGLIELMO MARCONI;< x >;VIA CARDANO;Incidente stradale con feriti;Svolta a sinistra irregolare;2;2;0;0;0;1;0;
2015-01-21;00:24:00;S.S. 554;KM. 1,500;;Incidente stradale senza feriti;Urto laterale;2;1;1;0;0;0;0;
2015-01-21;16:25:00;VIA PERTINI;< x >;VIA ZEDDA PIRAS;Incidente stradale senza feriti;Urto anteriore;2;2;0;0;0;0;0;
2015-01-21;13:34:00;VIALE ELMAS;*;VICO INFANTE ALFONSO;Incidente stradale con feriti;Frontale / laterale;2;2;1;2;0;0;0;
2015-01-21;10:24:00;VIA DON BOSCO;sn;VIALE MERELLO;Incidente stradale senza feriti;Inversione di marcia;3;2;0;0;0;0;0;
2015-01-21;09:51:00;VIA ROMA (LUNGOMARE);;;Incidente stradale con feriti;Tamponamento;3;3;0;1;0;0;0;
2015-01-21;20:43:00;PIAZZA DEI PESCATORI;< x >;VIA SCHIAVAZZI;Incidente stradale con feriti;Investimento di pedone;1;2;1;1;1;0;0;
2015-01-21;08:27:00;VIALE MONASTIR;194;;Incidente stradale con feriti;Inversione di marcia;2;1;2;2;1;0;0;
2015-01-21;21:01:00;VIA CORNALIAS;< x >;VIA FLUMENTEPIDO;Incidente stradale senza feriti;Precedenza;8;1;1;0;0;0;0;
2015-01-21;07:55:00;VIA S.BENEDETTO;< x >;VIA VERDI;Incidente stradale con feriti;Frontale / laterale;2;1;3;3;0;0;0;
2015-01-22;14:23:00;VIA SONNINO;;VIA S.LUCIFERO;Incidente stradale senza feriti;Urto anteriore;2;2;0;0;0;0;0;
2015-01-22;10:09:00;VIA CARPACCIO;6;;Danneggiamento;;0;2;0;0;0;0;0;
2015-01-22;10:49:00;PIAZZA DE GASPERI;;;Incidente stradale senza feriti;;1;0;0;0;0;0;0;
2015-01-23;01:04:00;S.S. 195;< x >;LOCALITA VILLAGGIO PESCATORI;Incidente stradale senza feriti;Uscita x sbandamento;1;1;0;0;0;0;0;
2015-01-23;18:27:00;VIA ALBERTI;SN;;Danneggiamento;Danneggiamento auto in sosta;1;0;0;0;0;0;0;
2015-01-23;17:28:00;VIA ROMA;58;;Incidente stradale senza feriti;Urto laterale;2;1;0;0;0;0;0;
2015-01-23;14:06:00;VIA S.IGNAZIO DA LACONI;< x >;VIA DON BOSCO;Incidente stradale con feriti;Investimento di pedone;1;1;1;1;0;0;0;
2015-01-23;12:12:00;VIALE LA PLAIA;-;VICO LA PLAIA;Incidente stradale con feriti;Tamponamento;3;1;2;2;0;0;0;
2015-01-23;08:37:00;VIA BACAREDDA;< x >;PIAZZA S.ROCCO;Incidente stradale senza feriti;Urto laterale;2;2;0;0;0;0;0;
2015-01-24;05:08:00;PIAZZA MATTEOTTI;sn;;Incidente stradale senza feriti;Uscita x sbandamento;1;0;1;0;0;0;0;
2015-01-25;13:36:00;VIA PUCCINI;;;Danneggiamento;Cornicione su auto;1;0;0;0;0;0;0;
2015-01-25;19:21:00;VIA ANFITEATRO;inizio;;Incidente stradale con feriti;Investimento di pedone;1;1;1;0;1;0;0;
2015-01-25;18:38:00;PIAZZA GIOVANNI XXIII;alt BNL;;Incidente stradale senza feriti;Manovra di retromarcia;2;1;1;0;0;0;0;
2015-01-25;14:27:00;VIA S.FERMO;2;;Incidente stradale senza feriti;Frontale / laterale;2;0;2;0;0;0;0;
2015-01-26;14:05:00;VIA MEDAGLIE D`ORO;< x >;PIAZZA GIOVANNI XXIII;Incidente stradale senza feriti;Frontale / laterale;2;0;2;0;0;0;0;
2015-01-26;08:58:00;VIA DARWIN;sn;VIA FLEMING;Incidente stradale senza feriti;Urto laterale;2;1;0;0;0;0;0;
2015-01-27;11:53:00;PIAZZA S.AVENDRACE;0;VIA S.MICHELE;Incidente stradale con feriti;Frontale / laterale;2;2;0;0;1;0;0;
2015-01-27;20:59:00;VIA COCCO ORTU;< x >;VIA LAI;Incidente stradale con feriti;Frontale / laterale;2;1;1;1;0;0;0;
2015-01-27;20:06:00;VIA DELLA PINETA;< x >;VIA LUCCA;Incidente stradale con feriti;Frontale / laterale;2;2;0;1;0;0;0;
2015-01-27;17:38:00;VIA DELL` ABBAZIA;< x >;VIA NIZZA;Incidente stradale senza feriti;Urto anteriore;2;0;2;0;0;0;0;
2015-01-28;14:29:00;VIA RIVA DI PONENTE;12;;Incidente stradale senza feriti;Tamponamento;2;2;0;0;0;0;0;
2015-01-28;10:54:00;VIA GHERARDO DELLE NOTTI;;VIALE MONASTIR;Incidente stradale senza feriti;Frontale / laterale;2;1;1;0;0;0;0;
2015-01-28;08:37:00;VIA DANTE;208;VIA TASSO;Incidente stradale senza feriti;Frontale / laterale;2;2;0;0;0;0;0;
2015-01-28;21:33:00;VIA NURAGHI;< x >;VIA CILLOCCO;Incidente stradale senza feriti;Frontale / laterale;5;2;0;0;0;0;0;
2015-01-29;14:51:00;VIA ITALIA;;VIA PISANO;Incidente stradale con feriti;Tamponamento;2;0;2;1;0;0;0;
2015-01-30;11:15:00;VIA PERGOLESI;26;;Incidente stradale con feriti;Investimento di pedone;1;1;1;1;0;0;0;
2015-01-30;10:48:00;PIAZZA DE ESQUIVEL;8;;Danneggiamento;Urto con cassonetto;3;0;0;0;0;0;0;
2015-01-30;10:40:00;VIA DANTE;87;;Danneggiamento;Urto con cassonetto;1;1;0;0;0;0;0;
2015-01-30;08:07:00;VIALE MONASTIR;229;;Incidente stradale con feriti;Svolta a sinistra irregolare;2;1;1;2;0;0;0;
2015-01-30;07:21:00;VIA TUVERI;22;;Incidente stradale senza feriti;Urto laterale;3;2;1;0;0;0;0;
2015-01-30;14:47:00;VIA DE GIOANNIS;;VIA LORU;Incidente stradale con feriti;Frontale / laterale;2;2;1;0;1;0;0;
2015-01-30;11:34:00;VIA LANUSEI;65;;Danneggiamento;Urto con cassonetto;4;0;0;0;0;0;0;
2015-01-31;12:49:00;VIA LANUSEI;12;;Danneggiamento;Danneggiamenti x Buca sulla sede stradale;1;1;0;0;0;0;0;
2015-01-31;02:42:00;VIA DANTE;< x >;VIA FARINA;Incidente stradale con feriti;Semaforo rosso;2;1;1;1;0;0;0;
2015-01-31;00:25:00;VIALE GUGLIELMO MARCONI;< x >;VIA MERCALLI;Incidente stradale con feriti;Tamponamento;2;1;1;0;1;0;0;
2015-02-01;01:32:00;PIAZZA S.BENEDETTO;;VIA DANTE;Incidente stradale con feriti;Frontale / laterale;2;1;2;2;0;0;0;
2015-02-01;15:44:00;VIA CORSICA;< x >;VIA CURIE;Incidente stradale con feriti;Frontale / laterale;2;2;0;2;0;0;0;
2015-02-01;04:10:00; S.S. 195 ;< x >;PONTE SCAFFA;Incidente stradale con feriti;Uscita x sbandamento;1;1;0;0;1;0;0;
2015-02-02;22:55:00;VIA BOITO;26/30;;Incidente stradale per caduta di pedone;Caduta di pedone x mattonelle divelte;0;1;0;0;0;0;0;
2015-02-02;15:26:00;ROTATORIA CADELLO/SANTA MARIA CHIARA;;;Incidente stradale senza feriti;Urto laterale;2;1;1;0;0;0;0;
2015-02-14;20:41:00;VIA FARINA;26;;Incidente stradale senza feriti;Urto con veicolo in sosta;2;1;0;0;0;0;0;
2015-02-14;16:24:00;VIA XXVIII FEBBRAIO;< x >;VIA CHIABRERA;Incidente stradale senza feriti;Precedenza;2;2;0;0;0;0;0;
2015-02-15;20:29:00;VIA DEI DONORATICO;53;;Incidente stradale con feriti;Investimento di pedone;1;1;1;1;0;0;0;
2015-02-15;18:52:00;VIA CORNALIAS;17;;Incidente stradale senza feriti;Urto con veicolo in sosta;3;1;0;0;0;0;0;
2015-02-16;06:16:00;VIALE GUGLIELMO MARCONI;< x >;PARCO TERRAMAINI;Danneggiamento;Caduta dal veicolo x Buca;1;0;1;1;0;0;0;
2015-02-16;17:01:00;PIAZZA DEL CARMINE;< x >;VIA MALTA;Incidente stradale senza feriti;Immissione nel flusso della circolazione;2;1;1;0;0;0;0;
2015-02-16;01:26:00;VIA DELLA PINETA;94;;Danneggiamento;Cornicione su auto;1;0;0;0;0;0;0;
2015-02-16;15:42:00;VIA RIVA VILLASANTA;179/a;;Incidente stradale senza feriti;Precedenza;2;1;1;0;0;0;0;
2015-02-16;15:04:00;VIA LOMBARDIA;20;;Danneggiamento;Cornicione su auto;1;0;0;0;0;0;0;
2015-02-16;13:40:00;VIA PUGLIA;12;;Incidente stradale con feriti;Tamponamento;2;3;0;1;0;0;0;
2015-02-16;12:41:00;VIA MAMELI;< x >;VIA SAURO;Incidente stradale senza feriti;Urto laterale;3;2;0;0;0;0;0;
2015-02-16;06:40:00;VIALE GUGLIELMO MARCONI;;PARCO TERRAMAINI;Danneggiamento;Danneggiamenti x Buca sulla sede stradale;1;1;0;0;0;0;0;
2015-02-16;20:27:00;VIA PASCOLI;53;;Incidente stradale con feriti;Investimento di pedone;1;3;0;1;1;0;0;
2015-02-17;19:38:00;VIA AZUNI;88;;Danneggiamento;Urto con cassonetto;1;0;0;0;0;0;0;
2015-02-17;18:42:00;VIA S.GILLA;56;;Incidente stradale con feriti;Investimento di pedone;1;1;1;1;0;0;0;
2015-02-17;13:38:00;VIALE TRIESTE;161;;Incidente stradale senza feriti;Tamponamento;2;1;1;0;0;0;0;
2015-02-17;11:14:00;VIA ROMA (LUNGOMARE);< x >;;Incidente stradale con feriti;Tamponamento;2;1;1;1;0;0;0;
2015-02-17;08:13:00;PIAZZA DEFFENU;;;Incidente stradale senza feriti;Urto laterale;2;2;0;0;0;0;0;
2015-02-18;09:08:00;VIA DELLA PINETA;101;;Incidente stradale senza feriti;Urto laterale;2;2;0;0;0;0;0;
2015-02-18;17:35:00;VIALE S.ELIA;;VIA SCHIAVAZZI;Incidente stradale con feriti;Svolta a sinistra irregolare;2;2;0;2;0;0;0;
2015-02-19;19:13:00;LARGO GENNARI;;;Incidente stradale con feriti;Svolta a sinistra irregolare;2;0;2;1;0;0;0;
2015-02-19;18:50:00;VIA MEDAGLIE D`ORO;;PIAZZA BAEZZA;Incidente stradale con feriti;Precedenza;2;2;0;1;0;0;0;
2015-02-19;16:45:00;0 S.S. 195 RAC ( EX CASIC);;;Incidente stradale con feriti;Urto laterale;2;2;0;1;0;0;0;
2015-02-19;13:49:00;VIA CARACALLA;< x >;VIA SIRONI;Incidente stradale senza feriti;Svolta a sinistra irregolare;2;0;2;0;0;0;0;
2015-02-20;15:37:00;VIALE DIAZ;< x >;VIA CATANIA;Incidente stradale senza feriti;Svolta a sinistra irregolare;2;1;1;0;0;0;0;
2015-02-20;19:10:00;VIALE DIAZ;< x >;VIA MESSINA;Incidente stradale senza feriti;Urto laterale;2;1;1;0;0;0;0;
2015-02-20;18:05:00;VIA AMPERE;;;Danneggiamento;Danneggiamenti x Buca sulla sede stradale;1;1;0;0;0;0;0;
2015-02-21;23:57:00;PIAZZA SAN BENEDETTO;;;Incidente stradale senza feriti;Urto laterale;2;2;0;0;0;0;0;
2015-02-21;15:00:00;VIA S.BENEDETTO;7;;Incidente stradale senza feriti;Urto con veicolo in sosta;3;1;0;0;0;0;0;
2015-02-21;14:55:00;VIA LANUSEI;10;;Danneggiamento;Cornicione su auto;1;0;0;0;0;0;0;
2015-02-21;11:45:00;VIA PO;10;;Incidente stradale con feriti;Investimento di pedone;1;1;1;1;0;0;0;
2015-02-21;08:42:00;VIA S.EULALIA;19;;Danneggiamento;Cornicione su auto;1;0;0;0;0;0;0;
2015-02-22;20:12:00;VIA PERGOLESI;51;;Incidente stradale senza feriti;Urto con veicolo in sosta;2;1;0;0;0;0;0;
2015-02-22;16:58:00;VIA SCANO;;VIA CARBONI BOI;Incidente stradale con feriti;Cambio di corsia;2;1;2;2;0;0;0;
2015-02-22;15:57:00;LARGO CARLO FELICE;68;;Incidente stradale per caduta di pedone;Caduta di pedone x buca;0;0;1;1;0;0;0;
2015-02-22;10:31:00;S.S. 554;KM. 3,200;;Incidente stradale senza feriti;Uscita x sbandamento;1;1;0;0;0;0;0;
2015-02-22;05:12:00;PIAZZA MICHELANGELO;;;Incidente stradale senza feriti;Urto con veicolo in sosta;3;0;1;0;0;0;0;
2015-02-23;07:43:00;VIALE DIAZ;164;;Incidente stradale con feriti;Urto laterale;2;2;0;0;1;0;0;
2015-02-23;20:57:00;ROTATORIA STAMIRA/PERETTI;< x >;ASSE MEDIANO DI SCORRIMENTO;Incidente stradale con feriti;Tamponamento;2;1;2;2;0;0;0;
2015-02-23;18:04:00;VIA BACAREDDA;< x >;VIA S.ALENIXEDDA;Incidente stradale con feriti;Tamponamento;2;1;1;1;0;0;0;
2015-02-23;17:02:00;VIALE S.ELIA;;;Danneggiamento;Ramo su auto;0;0;0;0;0;0;0;
2015-02-23;16:03:00;VIA TRENTINO;;;Incidente stradale senza feriti;Urto laterale;2;1;1;0;0;0;0;
2015-02-23;11:35:00;PIAZZA GIOVANNI XXIII;59;;Danneggiamento;Caduta dal veicolo x Buca;1;1;0;0;0;0;0;
2015-02-24;08:28:00;VIA LANUSEI;69;;Danneggiamento;Urto con cassonetto;1;0;0;0;0;0;0;
2015-02-24;17:39:00;ASSE MEDIANO DI SCORRIMENTO;;ROTATORIA CADELLO/SANTA MARIA CHIARA;Incidente stradale con feriti;Tamponamento;3;1;2;2;0;0;0;
2015-02-24;00:41:00;VIALE MONASTIR;< x >;VIA PUGLIA;Incidente stradale con feriti;Tamponamento;2;3;0;2;0;0;0;
2015-02-24;16:40:00;VIA SCANO;8;;Danneggiamento;Urto con cassonetto;1;0;0;0;0;0;0;
2015-02-24;16:06:00;VIA DEI GENOVESI;104;;Danneggiamento;Cornicione su auto;1;0;0;0;0;0;0;
2015-02-24;14:55:00;VIA CALAMOSCA;;;Danneggiamento;Ramo su auto;0;0;0;0;0;0;0;
2015-02-24;12:06:00;VIALE DIAZ;< x >;VIA AOSTA;Danneggiamento;Ramo su auto;1;0;0;0;0;0;0;
2015-02-24;22:53:00;VIA CAO DI S.MARCO;< x >;VIA GIUD. TORBENO;Danneggiamento;Ramo su auto;2;0;0;0;0;0;0;
2015-02-24;10:49:00;VIA BELLINI;36-38;;Danneggiamento;Danneggiamento auto in sosta;1;0;0;0;0;0;0;
2015-02-24;19:17:00;VIA MACOMER;11;;Incidente stradale senza feriti;Urto con veicolo in sosta;3;2;0;1;0;0;0;
2015-02-25;20:38:00;VIA ROMA;;PIAZZA MATTEOTTI;Incidente stradale con feriti;Investimento di pedone;1;2;0;1;0;0;0;
2015-02-25;17:30:00;PIAZZA SILESU;3;;Danneggiamento;Cornicione su auto;1;0;0;0;0;0;0;
2015-02-25;11:54:00;VIALE S.VINCENZO;< x >;VIA LA VEGA;Incidente stradale senza feriti;Tamponamento;2;1;1;0;0;0;0;
2015-02-25;10:26:00;VIA GIUD. GUGLIELMO;;VIA DEI GIUDICATI;Incidente stradale con feriti;Precedenza;3;0;2;1;0;0;0;
2015-02-26;12:27:00;VIA LUNIGIANA;11;;Incidente stradale senza feriti;Urto con veicolo in sosta;2;0;1;0;0;0;0;
2015-02-26;12:05:00;VIA DEGLI ANCARANI;< x >;VIA JENNER;Danneggiamento;Ramo su auto;1;1;0;0;0;0;0;
2015-02-26;11:03:00;VIA LIGURIA;68-A;VIA ISTRIA;Incidente stradale con feriti;Urto laterale;2;2;0;1;0;0;0;
2015-02-27;11:22:00;VIA LOGUDORO;;VICO LOGUDORO;Incidente stradale con feriti;Precedenza;3;2;0;0;1;0;0;
2015-02-27;11:11:00;VIA MONTE SABOTINO;< x >;VIA MONTE GRAPPA;Incidente stradale con feriti;Investimento di pedone;1;0;2;1;0;0;0;
2015-02-27;10:22:00;VIA DEI DONORATICO;< x >;VIA CAPULA;Incidente stradale senza feriti;Urto con veicolo in sosta;5;0;1;0;0;0;0;
2015-02-27;09:37:00;VIA DEL CANNETO;< x >;VIA VESALIO;Incidente stradale senza feriti;Semaforo rosso;2;0;2;0;0;0;0;
2015-02-27;20:42:00;VIALE GUGLIELMO MARCONI;60;;Incidente stradale senza feriti;Tamponamento;3;2;1;0;0;0;0;
2015-02-27;16:43:00;ASSE MEDIANO DI SCORRIMENTO;KM. 11,800;;Incidente stradale con feriti;Tamponamento;2;2;0;1;0;0;0;
2015-02-27;16:10:00;VIA TIMAVO;< x >;VIA MONFALCONE;Incidente stradale senza feriti;Precedenza;2;1;1;0;0;0;0;
2015-02-28;20:58:00;VIA UNIVERSITA`;1;;Incidente stradale senza feriti;Uscita x sbandamento;1;1;0;0;0;0;0;
2015-03-01;16:32:00;VIA SISTO V;< x >;VIA GIULIO II;Incidente stradale con feriti;Precedenza;2;1;2;3;0;0;0;
2015-03-01;10:07:00;ASSE MEDIANO DI SCORRIMENTO;;;Incidente stradale con feriti;Uscita x sbandamento;2;2;0;1;0;0;0;
2015-03-01;17:03:00;VIA CINQUINI;< x >;VIA CORNALIAS;Incidente stradale con feriti;Tamponamento;2;0;2;2;0;0;0;
2015-03-02;17:43:00;S.S. 195;KM.5,600;;Danneggiamento;Danneggiamenti x Buca sulla sede stradale;2;2;0;0;0;0;0;
2015-03-02;13:01:00;VIALE BUONCAMMINO;;;Incidente stradale con feriti;Uscita x sbandamento;1;0;1;1;0;0;0;
2015-03-03;16:33:00;VIALE LA PLAIA;< x >;VIA SASSARI;Incidente stradale con feriti;Investimento di pedone;1;2;0;0;1;0;0;
2015-03-03;14:57:00;VIA S`ARRULLONI;< x >;VIA DEL SOLE;Incidente stradale senza feriti;Precedenza;2;0;2;0;0;0;0;
2015-03-03;12:21:00;LARGO GENNARI;;;Incidente stradale per caduta di pedone;Caduta di pedone x buca;0;1;0;0;0;0;0;
2015-03-03;09:24:00;VIA IS MAGLIAS;< x >;COLLE TUVIXEDDU;Danneggiamento;Danneggiamenti x Buca sulla sede stradale;1;0;1;0;0;0;0;
2015-03-03;17:46:00;VIA TIEPOLO;;VIA PAOLO DA DORIA;Incidente stradale senza feriti;Precedenza;2;2;0;0;0;0;0;
2015-03-03;16:45:00;ASSE MEDIANO DI SCORRIMENTO;KM. 3,200;;Incidente stradale senza feriti;Uscita x sbandamento;1;1;0;0;0;0;0;
2015-03-04;20:47:00;VIALE BONARIA;< x >;VIALE CIMITERO;Incidente stradale con feriti;Urto laterale;2;1;1;1;0;0;0;
2015-03-04;15:53:00;VIA S`ARRULLONI;alt. bar music;VIA FAVONIO;Incidente stradale senza feriti;Precedenza;2;1;1;0;0;0;0;
2015-03-04;11:23:00;S.S. 131;KM. 6,000;;Incidente stradale con feriti;Tamponamento;2;2;0;2;0;0;0;
2015-03-05;17:48:00;VIA S.ALENIXEDDA;19/a;;Danneggiamento;Urto con cassonetto;2;0;0;0;0;0;0;
2015-03-05;00:08:00;VIA ROMAGNA;< x >;VIA DEI GIUDICATI;Incidente stradale con feriti;Frontale / laterale;2;0;2;2;0;0;0;
2015-03-05;12:14:00;VIA FLUMENTEPIDO;18;;Danneggiamento;Urto con cassonetto;1;0;0;0;0;0;0;
2015-03-05;18:30:00;VIA CAMPANIA;87;;Incidente stradale con feriti;Investimento di pedone;1;1;1;1;0;0;0;
2015-03-05;11:04:00;PIAZZA REPUBBLICA;4;;Danneggiamento;Cornicione su auto;1;0;0;0;0;0;0;
2015-03-05;17:24:00;VIALE LA PLAIA;< x >;S.S. 195;Incidente stradale senza feriti;Urto laterale;2;2;0;0;0;0;0;
2015-03-05;10:44:00;VIA ABRUZZI;5;;Incidente stradale senza feriti;Tamponamento;2;1;1;0;0;0;0;
2015-03-05;15:52:00;VIA MONTE GRAPPA;4b;;Danneggiamento;Ramo su auto;1;0;0;0;0;0;0;
2015-03-05;09:53:00;VIA BAUDI DI VESME;15;;Danneggiamento;Cornicione su auto;1;0;0;0;0;0;0;
2015-03-05;13:57:00;VIA GOCEANO;< x >;VIA DANTE;Danneggiamento;Danneggiamento auto in sosta;1;0;0;0;0;0;0;
2015-03-05;09:13:00;VIA ROMA;< x >;LARGO CARLO FELICE;Incidente stradale con feriti;Precedenza;2;2;1;2;0;0;0;
2015-03-05;13:51:00;PIAZZA S.AVENDRACE;< x >;PIAZZA S.AVENDRACE;Incidente stradale senza feriti;Cambio di corsia;2;1;1;0;0;0;0;
2015-03-05;20:15:00;VIA CASTIGLIONE;28;;Danneggiamento;Urto con cassonetto;1;0;0;0;0;0;0;
2015-03-05;04:55:00;VIA BARRACCA MANNA;12;;Incidente stradale senza feriti;Urto con veicolo in sosta;2;0;0;0;0;0;0;
2015-03-05;13:05:00;VIA GUTTUSO;< x >;VIA BOCCIONI;Danneggiamento;Urto con cassonetto;1;1;0;0;0;0;0;
2015-03-06;13:46:00;ASSE MEDIANO DI SCORRIMENTO;< x >;VIA JENNER;Incidente stradale senza feriti;Tamponamento;3;2;1;0;0;0;0;
2015-03-06;11:15:00;ASSE MEDIANO DI SCORRIMENTO;KM. 8,350;;Incidente stradale senza feriti;Tamponamento;4;3;1;0;0;0;0;
2015-03-06;10:41:00;VIA DESSY DELIPERI;< x >;VIA BROTZU;Incidente stradale senza feriti;Precedenza;2;0;2;0;0;0;0;
2015-03-06;08:15:00;VIA COSTANTINOPOLI;;VIA CETTIGNE;Incidente stradale senza feriti;Manovra di retromarcia;2;1;1;0;0;0;0;
2015-03-07;08:54:00;VIA CIUSA;< x >;VIA BACAREDDA;Incidente stradale con feriti;Frontale / laterale;2;1;2;2;0;0;0;
2015-03-07;15:42:00;VIA MAMELI;71;;Danneggiamento;Cornicione su auto;2;1;0;0;0;0;0;
2015-03-07;14:10:00;VIA MONS. PIOVELLA;4;;Incidente stradale per caduta di pedone;Caduta di pedone x buca;0;1;0;0;0;0;0;
2015-03-08;22:05:00;S.S. 195;KM. 3/BIS;;Incidente stradale senza feriti;Uscita x sbandamento;1;0;1;0;0;0;0;
2015-03-09;19:24:00;VIALE GUGLIELMO MARCONI;< x >;VIA MEUCCI;Incidente stradale con feriti;Tamponamento;4;4;1;2;0;0;0;
2015-03-09;08:45:00;ASSE MEDIANO DI SCORRIMENTO;;;Incidente stradale con feriti;Tamponamento;3;3;0;1;0;0;0;
2015-03-09;14:48:00;VIALE MONASTIR;< x >;VIA DOLCETTA;Incidente stradale senza feriti;Precedenza;2;1;1;0;0;0;0;
2015-03-09;03:16:00;VIA GIOTTO;;VIA PIERO DELLA FRANCESCA;Incidente stradale senza feriti;Uscita x sbandamento;1;1;0;0;0;0;0;
2015-03-09;14:12:00;VIA IGLESIAS;3;;Incidente stradale per caduta di pedone;Caduta di Pedone accidentale;0;1;0;1;0;0;0;
2015-03-09;12:17:00;VIA ALGHERO;40;;Incidente stradale senza feriti;;2;1;0;0;0;0;0;
2015-03-09;10:45:00;VIA DEL NASTRO AZZURRO;1;;Incidente stradale senza feriti;Urto anteriore;2;2;0;0;0;0;0;
2015-03-09;09:39:00;VIA LIGURIA;84;;Incidente stradale con feriti;Tamponamento;3;3;0;1;0;0;0;
2015-03-10;00:37:00;CORSO VITTORIO EMANUELE II;< x >;VIA CAPRERA;Incidente stradale senza feriti;Urto con veicolo in sosta;3;0;1;1;0;0;0;
2015-03-10;19:14:00;VIA RIVA VILLASANTA;221;;Incidente stradale senza feriti;Immissione nel flusso della circolazione;2;2;0;0;0;0;0;
2015-03-10;17:02:00;VIA PISANO;;;Incidente stradale senza feriti;Tamponamento;2;1;1;0;0;0;0;
2015-03-10;16:10:00;VIA GIANTURCO;< x >;VIA CHIRONI;Incidente stradale senza feriti;Urto con veicolo in sosta;2;0;1;0;0;0;0;
2015-03-10;14:56:00;VIA S.ISIDORO;;VIA GEN.CANTORE;Incidente stradale con feriti;Precedenza;2;0;2;1;0;0;0;
2015-03-10;13:38:00;LARGO CARLO FELICE;7;VIA SARDEGNA;Incidente stradale per caduta di pedone;Caduta di pedone x mattonelle divelte;0;0;1;0;1;0;0;
2015-03-10;06:53:00;VIALE S.AVENDRACE;< x >;VIA TAGLIAMENTO;Incidente stradale senza feriti;Urto laterale;2;1;1;0;0;0;0;
2015-03-10;20:29:00;VIA LAI;< x >;VIA COCCO ORTU;Incidente stradale con feriti;Precedenza;2;2;0;1;0;0;0;
2015-03-11;19:15:00;0 S.S. 195 RAC ( EX CASIC);km.1,900;;Danneggiamento;Danneggiamenti x Buca sulla sede stradale;1;1;0;0;0;0;0;
2015-03-11;08:50:00;VIALE MERELLO;83;;Incidente stradale senza feriti;Urto laterale;2;2;0;0;0;0;0;
2015-03-12;10:36:00;0 S.S. 195 RAC ( EX CASIC);;;Danneggiamento;Danneggiamenti x Buca sulla sede stradale;1;1;0;0;0;0;0;
2015-03-13;12:16:00;ASSE MEDIANO DI SCORRIMENTO;;VIA S.MARIA CHIARA;Incidente stradale con feriti;Tamponamento;3;2;1;1;0;0;0;
2015-03-13;10:02:00;VIA PORTOSCALAS;20;;Danneggiamento;Danneggiamenti x Buca sulla sede stradale;1;1;0;0;0;0;0;
2015-02-02;10:36:00;VIA CIUSA;;VIA VALENZANI;Incidente stradale senza feriti;Tamponamento;2;0;2;0;0;0;0;
2015-02-02;08:40:00;VIA RAVENNA;< x >;VIA BOLOGNA;Incidente stradale senza feriti;Frontale / laterale;3;1;1;0;0;0;0;
2015-02-02;00:18:00;VIA FRATELLI BANDIERA;< x >;VIA LEGNANO;Incidente stradale senza feriti;Frontale / laterale;2;2;0;0;0;0;0;
2015-02-03;18:21:00;VIA PERETTI;< x >;VIA PIERO DELLA FRANCESCA;Incidente stradale con feriti;Investimento di pedone;1;1;1;1;0;0;0;
2015-02-03;16:46:00;VIA MASANIELLO;< x >;VIA S.MARIA CHIARA;Incidente stradale senza feriti;Manovra di retromarcia;2;2;0;0;0;0;0;
2015-02-03;15:10:00;VIA AZUNI;< x >;VIA S.RESTITUTA;Incidente stradale senza feriti;Precedenza;2;2;0;0;0;0;0;
2015-02-03;13:46:00;VIA TRINCEA D. FRASCHE;< x >;VIA REDIPUGLIA;Incidente stradale con feriti;Frontale / laterale;2;1;1;1;0;0;0;
2015-02-03;12:16:00;VIA ABRUZZI;< x >;VIA LUNIGIANA;Incidente stradale con feriti;Frontale / laterale;2;1;1;1;0;0;0;
2015-02-04;01:11:00;CORSO VITTORIO EMANUELE II;441;;Incidente stradale senza feriti;Urto con veicolo in sosta;2;2;0;0;0;0;0;
2015-02-04;19:43:00;VIALE ELMAS;154;;Incidente stradale con feriti;Investimento di pedone;1;1;1;1;0;0;0;
2015-02-04;19:40:00;VIA ROMA;< x >;VIA SASSARI;Incidente stradale con feriti;Investimento di pedone;1;2;0;0;1;0;0;
2015-02-04;18:34:00;VIA LOGUDORO;;VIA DANTE;Incidente stradale con feriti;Tamponamento;2;0;2;1;0;0;0;
2015-02-04;16:32:00;ASSE MEDIANO DI SCORRIMENTO;KM. 8,000;;Incidente stradale senza feriti;Frontale / laterale;2;2;0;0;0;0;0;
2015-02-04;11:15:00;VIALE LA PLAIA;;VIALE PULA;Incidente stradale con feriti;Svolta a sinistra irregolare;2;4;0;2;0;0;0;
2015-02-04;09:17:00;LARGO CARLO FELICE;< x >;VIA ROMA;Incidente stradale con feriti;Tamponamento;2;1;1;1;0;0;0;
2015-02-04;23:32:00;VIALE S.AVENDRACE;138;;Incidente stradale senza feriti;Urto con veicolo in sosta;3;1;0;0;0;0;0;
2015-02-05;11:11:00;PIAZZA GIOVANNI XXIII;< x >;VIA MEDAGLIE D`ORO;Incidente stradale senza feriti;Precedenza;2;2;0;0;0;0;0;
2015-02-05;09:13:00;VIA CURIE;< x >;VIA GENERALE CAGNA;Incidente stradale con feriti;Precedenza;3;0;3;0;1;0;0;
2015-02-05;22:51:00;VIA MEILOGU;< x >;VIA PERTUSOLA;Incidente stradale con feriti;Precedenza;2;4;0;3;0;0;0;
2015-02-05;09:03:00;VIALE GUGLIELMO MARCONI;195;;Incidente stradale con feriti;Immissione nel flusso della circolazione;2;1;1;1;0;0;0;
2015-02-05;19:12:00;LARGO CARLO FELICE;< x >;VIA ROMA;Incidente stradale senza feriti;Urto laterale;2;2;0;0;0;0;0;
2015-02-05;08:44:00;VIA MACHIAVELLI;< x >;VIA ARIOSTO;Incidente stradale con feriti;Precedenza;2;1;2;2;0;0;0;
2015-02-05;18:33:00;LARGO CARLO FELICE;< x >;PIAZZA YENNE;Incidente stradale senza feriti;Frontale / laterale;2;2;0;0;0;0;0;
2015-02-05;01:27:00;ASSE MEDIANO DI SCORRIMENTO;KM. 9,700;;Danneggiamento;Danneggiamenti x Buca sulla sede stradale;1;1;0;0;0;0;0;
2015-02-05;14:13:00;VIALE GUGLIELMO MARCONI;< x >;VIA SARPI;Incidente stradale con feriti;Tamponamento;2;2;1;2;0;0;0;
2015-02-06;11:59:00;ASSE MEDIANO DI SCORRIMENTO;;;Incidente stradale con feriti;Tamponamento;3;1;2;2;0;0;0;
2015-02-06;11:27:00;VIALE MONASTIR;;VIA DOLCETTA;Incidente stradale senza feriti;Frontale / laterale;2;2;0;0;0;0;0;
2015-02-06;11:35:00;VIALE POETTO;< x >;VIA S`ARRULLONI;Incidente stradale senza feriti;Urto laterale;2;2;0;0;0;0;0;
2015-02-06;20:40:00;0 S.S. 195 RAC ( EX CASIC);KM. 0,700;;Incidente stradale con feriti;Caduta dal veicolo x Buca;1;1;0;0;1;0;0;
2015-02-06;19:42:00;ASSE MEDIANO DI SCORRIMENTO;;;Incidente stradale senza feriti;;1;0;0;0;0;0;0;
2015-02-06;17:43:00;VIA BRENTA;;;Danneggiamento;Danneggiamenti x Buca sulla sede stradale;1;1;0;0;0;0;0;
2015-02-06;12:56:00;ROTATORIA CADELLO/SANTA MARIA CHIARA;;;Incidente stradale con feriti;Frontale / laterale;2;2;0;1;0;0;0;
2015-02-07;12:37:00;VIA ROSSINI;46;;Danneggiamento;Cornicione su auto;1;0;0;0;0;0;0;
2015-02-07;11:05:00;VIA S.MARIA CHIARA;142;;Incidente stradale con feriti;Investimento di pedone;1;2;0;1;0;0;0;
2015-02-07;21:10:00;VIA BACAREDDA;< x >;VIA TIZIANO;Incidente stradale senza feriti;Investimento di pedone;1;2;0;0;0;0;0;
2015-02-07;17:25:00;VIA IS MAGLIAS;< x >;VIALE MERELLO;Incidente stradale senza feriti;Urto laterale;2;1;1;0;0;0;0;
2015-02-08;22:24:00;VIALE GUGLIELMO MARCONI;;;Incidente stradale senza feriti;Frontale / laterale;2;2;0;0;0;0;0;
2015-02-08;19:30:00;VIA BACAREDDA;< x >;VIA GIOBERTI;Incidente stradale con feriti;Frontale / laterale;2;2;0;0;1;0;0;
2015-02-08;13:51:00;VIA DEI GIUDICATI;;PIAZZA GIOVANNI XXIII;Incidente stradale senza feriti;Tamponamento;3;2;1;0;0;0;0;
2015-02-09;00:10:00;VIA CHIABRERA;;VIA BIASI;Incidente stradale con feriti;Uscita x sbandamento;2;2;0;1;0;0;0;
2015-02-09;21:20:00;0 S.S. 195 RAC ( EX CASIC);;;Incidente stradale con feriti;Uscita x sbandamento;0;0;1;1;0;0;0;
2015-02-09;16:49:00;VIALE BONARIA;;;Incidente stradale con feriti;Immissione nel flusso della circolazione;2;1;1;1;0;0;0;
2015-02-09;15:09:00;VIALE TRIESTE;89;;Incidente stradale con feriti;Cambio di corsia;2;1;3;2;0;0;0;
2015-02-09;14:21:00;VIALE TRIESTE;< x >;VIA ROMA;Incidente stradale per caduta di pedone;Caduta di pedone x mattonelle divelte;0;1;0;1;0;0;0;
2015-02-09;08:18:00;VIA ABRUZZI;16;;Incidente stradale con feriti;Svolta a sinistra irregolare;3;1;1;1;0;0;0;
2015-02-10;08:06:00;VIA DEI GIUDICATI;52;;Incidente stradale con feriti;Investimento di pedone;1;2;0;1;0;0;0;
2015-02-11;08:19:00;VIA STAMIRA;< x >;VIA PLATONE;Incidente stradale con feriti;Investimento di pedone;1;0;2;1;0;0;0;
2015-02-11;12:10:00;JENNER;;;Danneggiamento;Danneggiamenti x Buca sulla sede stradale;1;1;0;0;0;0;0;
2015-02-11;12:38:00;PIAZZA GARIBALDI;;;Incidente stradale per caduta di pedone;Caduta di pedone x buca;0;1;0;0;0;1;0;
2015-02-11;10:43:00;VIA TIEPOLO;< x >;VIA SINI;Incidente stradale senza feriti;Precedenza;2;2;0;0;0;0;0;
2015-02-11;10:31:00;VIA S.MARIA CHIARA;< x >;VIA FAMAGOSTA;Incidente stradale senza feriti;Precedenza;2;2;0;0;0;0;0;
2015-02-11;10:50:00;VIA PIERO DELLA FRANCESCA;< x >;VIA PETRARCA;Incidente stradale con feriti;Precedenza;2;1;1;1;0;0;0;
2015-02-11;18:36:00;VIALE GUGLIELMO MARCONI;< x >;VIA VENTURI;Incidente stradale con feriti;Svolta a sinistra irregolare;2;4;1;3;0;0;0;
2015-02-11;08:53:00;VIA CHIABRERA;;VIA STAMPA;Incidente stradale senza feriti;Urto laterale;2;1;1;0;0;0;0;
2015-02-11;17:13:00;VIA LEO PIETRO;;;Incidente stradale senza feriti;Urto con veicolo in sosta;2;0;0;0;0;0;0;
2015-02-12;17:54:00;VIA CADELLO;;;Incidente stradale con feriti;Cambio di corsia;2;4;0;3;0;0;0;
2015-02-13;07:14:00;PIAZZA REPUBBLICA;< x >;VIA DELEDDA;Incidente stradale senza feriti;Frontale / laterale;2;2;0;0;0;0;0;
2015-02-14;14:40:00;VIA ROMA;< x >;LARGO CARLO FELICE;Incidente stradale senza feriti;Frontale / laterale;2;2;0;0;0;0;0;
2015-02-14;10:27:00;VIA S.GIOVANNI;< x >;VIA S.ROCCO;Incidente stradale senza feriti;Frontale / laterale;2;1;1;0;0;0;0;
2015-02-14;10:16:00;VIALE LA PLAIA;15;;Incidente stradale senza feriti;Urto laterale;2;1;1;0;0;0;0;
2015-03-13;17:25:00;VIA TOTI;< x >;VIA MARMILLA;Incidente stradale senza feriti;Precedenza;2;1;1;0;0;0;0;
2015-03-13;15:43:00;VIA SCANO;74;;Incidente stradale senza feriti;Cambio di corsia;2;1;1;0;0;0;0;
2015-03-13;14:18:00;VIA LIGURIA;48;;Incidente stradale con feriti;Investimento di pedone;1;2;0;1;0;0;0;
2015-03-13;12:19:00;VIA TALETE;29;;Incidente stradale senza feriti;;2;1;1;0;0;0;0;
2015-03-14;12:35:00;ASSE MEDIANO DI SCORRIMENTO;< x >;VIA JENNER;Incidente stradale con feriti;Urto laterale;2;1;1;1;0;0;0;
2015-03-14;05:44:00;VIALE COLOMBO;;VIA CABOTO;Incidente stradale con feriti;Uscita x sbandamento;1;1;0;0;1;0;0;
2015-03-14;04:06:00;VIA DELEDDA;32;;Incidente stradale senza feriti;Urto con veicolo in sosta;5;0;1;0;0;0;0;
2015-03-14;23:15:00;VIA CASTIGLIONE;< x >;VIA GIUSTI;Incidente stradale senza feriti;Urto con veicolo in sosta;5;1;0;0;0;0;0;
2015-03-14;14:32:00;VIALE POETTO;;;Incidente stradale senza feriti;Urto laterale;2;2;0;0;0;0;0;
2015-03-15;19:25:00;VIA SANJUST;< x >;VIA DELL` ABBAZIA;Incidente stradale con feriti;Investimento di pedone;1;0;2;1;0;0;0;
2015-03-15;01:42:00;VIA GHERARDO DELLE NOTTI;;;Incidente stradale con feriti;Frontale / laterale;2;2;1;2;0;0;0;
2015-03-15;01:08:00;VIALE ELMAS;< x >;VIA DELL`  ARTIGIANATO;Danneggiamento;Danneggiamenti x Buca sulla sede stradale;1;1;0;0;0;0;0;
2015-03-16;08:43:00;VIA PERGOLESI;< x >;VIA CIMAROSA;Incidente stradale senza feriti;Immissione nel flusso della circolazione;2;1;1;0;0;0;0;
2015-03-16;17:16:00;VIALE TRIESTE;< x >;VIA POLA;Incidente stradale senza feriti;Tamponamento;2;2;0;0;0;0;0;
2015-03-16;13:21:00;S.S. 554;KM. 2,000;;Incidente stradale con feriti;Uscita x sbandamento;1;0;1;1;0;0;0;
2015-03-17;15:54:00;CORSO VITTORIO EMANUELE II;< x >;VIA CAPRERA;Incidente stradale senza feriti;Tamponamento;2;2;0;0;0;0;0;
2015-03-17;14:19:00;VIA ROMA;;;Incidente stradale senza feriti;Urto laterale;2;1;1;0;0;0;0;
2015-03-17;11:21:00;VIA IS MIRRIONIS;186;;Incidente stradale senza feriti;Tamponamento;2;2;0;0;0;0;0;
2015-03-17;10:35:00;VIA DANTE;< x >;PIAZZA REPUBBLICA;Incidente stradale con feriti;Investimento di pedone;1;1;1;0;1;0;0;
2015-03-17;18:58:00;VIA CASTIGLIONE;68;;Incidente stradale per caduta di pedone;Caduta di pedone x mattonelle divelte;0;0;1;0;1;0;0;
2015-03-17;09:29:00;VIA DEI DONORATICO;< x >;VIA CAPULA;Incidente stradale senza feriti;Precedenza;2;1;1;0;0;0;0;
2015-03-17;19:09:00;ASSE MEDIANO DI SCORRIMENTO;KM. 7,800;;Incidente stradale con feriti;Cambio di corsia;2;1;1;0;1;0;0;
2015-03-17;17:42:00;S.S. 195 RAC ( EX CASIC);;;Danneggiamento;Danneggiamenti x Buca sulla sede stradale;1;1;0;0;0;0;0;
2015-03-18;11:00:00;VIA PERGOLESI;9;;Incidente stradale per caduta di pedone;Caduta di pedone x mattonelle divelte;0;1;0;1;0;0;0;
2015-03-18;10:07:00;VIA TRAMONTANA;;;Incidente stradale senza feriti;Urto laterale;1;1;0;0;0;0;0;
2015-03-18;03:08:00;VIA DANTE;69;;Incidente stradale senza feriti;Uscita x sbandamento;1;1;0;0;0;0;0;
2015-03-18;23:49:00;VIA DEL CANNETO;63;;Danneggiamento;Danneggiamenti x Buca sulla sede stradale;1;0;1;0;0;0;0;
2015-03-18;22:07:00;VIA GIOTTO;25B;;Incidente stradale senza feriti;Frontale / laterale;2;0;1;0;0;0;0;
2015-03-18;10:24:00;VIA ITALIA;63;;Incidente stradale per caduta di pedone;Caduta di Pedone accidentale;0;0;1;0;1;0;0;
2015-03-19;09:48:00;VIA DELLO SPORT;;;Danneggiamento;Ramo su auto;1;1;0;0;0;0;0;
2015-03-19;09:18:00;ROTATORIA CADELLO/IS MIRRIONIS;;;Incidente stradale senza feriti;Cambio di corsia;2;1;1;0;0;0;0;
2015-03-19;08:33:00;VIALE POETTO;;;Incidente stradale con feriti;Tamponamento;4;3;1;2;0;0;0;
2015-03-19;21:17:00;VIA LEPANTO;< x >;VIA SARDEGNA;Incidente stradale senza feriti;Urto con veicolo in sosta;2;0;0;0;0;0;0;
2015-03-19;11:23:00;VIA LIGURIA;10;;Incidente stradale senza feriti;Tamponamento;2;1;1;0;0;0;0;
2015-03-20;15:31:00;PIAZZA MARCO POLO;;;Incidente stradale senza feriti;Urto con veicolo in sosta;2;0;0;0;0;0;0;
2015-03-20;13:39:00;VIALE MONASTIR;229;;Danneggiamento;Danneggiamenti x Buca sulla sede stradale;1;1;0;0;0;0;0;
2015-03-20;13:53:00;S.S. 554;;;Incidente stradale con feriti;Tamponamento;2;0;2;1;0;0;0;
2015-03-20;11:35:00;VIA CORNALIAS;;;Incidente stradale senza feriti;Urto laterale;2;1;1;0;0;0;0;
2015-03-20;10:13:00;VIA CASTIGLIONE;39;;Danneggiamento;Danneggiamenti x Buca sulla sede stradale;2;0;2;0;0;0;0;
2015-03-21;21:40:00;VIA SASSARI;< x >;VIA MAMELI;Incidente stradale per caduta di pedone;Caduta di pedone x mattonelle divelte;0;0;1;0;1;0;0;
2015-03-21;13:28:00;0 S.S. 195 RAC ( EX CASIC);;;Danneggiamento;Danneggiamenti x Buca sulla sede stradale;1;1;0;0;0;0;0;
2015-03-21;11:44:00;VIA BACAREDDA;170;;Incidente stradale con feriti;Manovra di retromarcia;1;1;1;1;0;0;0;
2015-03-21;10:50:00;VIA MANZONI;45;;Incidente stradale senza feriti;Manovra di retromarcia;2;1;1;0;0;0;0;
2015-03-21;10:27:00;VIA TOFANE;;VIA BOSCO CAPPUCCIO;Incidente stradale con feriti;Investimento di pedone;1;1;1;1;0;0;0;
2015-03-21;05:45:00;VIA SASSARI;< x >;VIALE LA PLAIA;Incidente stradale senza feriti;Urto con veicolo in sosta;3;1;0;0;0;0;0;
2015-03-23;18:52:00;ASSE MEDIANO DI SCORRIMENTO;KM. 9,300;;Incidente stradale con feriti;Tamponamento;3;2;1;2;0;0;0;
2015-03-23;16:54:00;ROTATORIA STAMIRA/PERETTI;;;Incidente stradale senza feriti;Precedenza;2;1;1;0;0;0;0;
2015-03-23;13:43:00;VIA DEI GIUDICATI;< x >;VIA GIUD. GUGLIELMO;Incidente stradale con feriti;Cambio di corsia;2;1;2;1;1;0;0;
2015-03-23;08:43:00;VIA VESALIO;< x >;VIA DEI CARBONARI;Incidente stradale senza feriti;Precedenza;2;2;0;0;0;0;0;
2015-03-24;19:32:00;VIALE TRIESTE;< x >;VIA S.PAOLO;Incidente stradale con feriti;Investimento di pedone;1;1;1;0;1;0;0;
2015-03-24;11:00:00;VIA RIVA VILLASANTA;< x >;VIA DEI GRILLI;Incidente stradale con feriti;Tamponamento;2;1;2;1;0;0;0;
2015-03-24;10:12:00;VIALE S.AVENDRACE;< x >;VIA PIAVE;Incidente stradale senza feriti;Urto laterale;2;2;0;0;0;0;0;
2015-03-25;20:33:00;VIA PISANO;< x >;PARC. AUCHAN MARCONI;Incidente stradale senza feriti;Precedenza;2;2;0;0;0;0;0;
2015-03-25;15:34:00;VIALE MERELLO;49;;Danneggiamento;Danneggiamenti x Buca sulla sede stradale;1;0;1;0;0;0;0;
2015-03-25;08:00:00;VIALE POETTO;< x >;VIA S`ARRULLONI;Incidente stradale con feriti;Tamponamento;3;1;2;1;0;0;0;
2015-03-25;06:06:00;VIALE GUGLIELMO MARCONI;;;Incidente stradale con feriti;Uscita x sbandamento;1;0;1;1;0;0;0;
2015-03-26;12:39:00;VIA VESALIO;< x >;VIA TURR;Incidente stradale senza feriti;Uscita x sbandamento;1;1;0;0;0;0;0;
2015-03-26;08:36:00;VIA ROMA;< x >;VIA ANGIOY;Incidente stradale senza feriti;Tamponamento;2;2;0;0;0;0;0;
2015-03-26;20:01:00;0 S.S. 195 RAC ( EX CASIC);;;Danneggiamento;Danneggiamenti x Buca sulla sede stradale;1;1;0;0;0;0;0;
2015-03-26;18:04:00;VIA DEI DONORATICO;< x >;VIA CAPULA;Incidente stradale con feriti;Precedenza;2;1;1;1;0;0;0;
2015-03-26;16:01:00;VIA DANTE;< x >;VIA TOLA;Incidente stradale con feriti;Precedenza;2;1;1;0;1;0;0;
2015-03-26;15:39:00;VIA SANNA RANDACCIO;;VIA CARBONI BOI;Incidente stradale con feriti;Precedenza;2;2;0;1;0;0;0;
2015-03-27;16:01:00;VIA DEL FANGARIO;27;;Danneggiamento;Danneggiamento auto in sosta;1;0;0;0;0;0;0;
2015-03-27;12:37:00;VIA S.ALENIXEDDA;< x >;VIA COCCO ORTU;Danneggiamento;Urto con cassonetto;2;0;1;0;0;0;0;
2015-03-28;14:08:00;VIA E. D`ARBOREA;< x >;VIALE REG. MARGHERITA;Incidente stradale senza feriti;Urto anteriore;2;2;0;0;0;0;0;
2015-03-28;22:42:00;VIA PASTEUR;10;;Incidente stradale senza feriti;Urto con veicolo in sosta;2;1;0;0;0;0;0;
2015-03-28;19:55:00;VIA FADDA;< x >;VIA GIANTURCO;Incidente stradale con feriti;Precedenza;2;1;1;1;1;0;0;
2015-03-28;18:14:00;0 S.S. 195 RAC ( EX CASIC);;;Danneggiamento;Danneggiamenti x Buca sulla sede stradale;1;1;0;0;0;0;0;
2015-03-28;17:39:00;0 S.S. 195 RAC ( EX CASIC);;;Danneggiamento;Danneggiamenti x Buca sulla sede stradale;1;1;0;0;0;0;0;
2015-03-28;17:26:00;0 S.S. 195 RAC ( EX CASIC);;;Danneggiamento;Danneggiamenti x Buca sulla sede stradale;1;1;0;0;0;0;0;
2015-03-28;14:17:00;VIA VESPUCCI;< x >;VIA FIORELLI;Incidente stradale con feriti;Investimento di pedone;1;0;2;0;1;0;0;
2015-03-29;17:24:00;VIA BERLINO;< x >;VIA LIONE;Incidente stradale con feriti;Tamponamento;2;1;1;1;0;0;0;
2015-03-29;12:13:00;VIALE DIAZ;< x >;VIALE DIAZ;Incidente stradale senza feriti;Cambio di corsia;2;2;0;0;0;0;0;
2015-03-29;07:39:00;VIA TOTI;125;;Incidente stradale senza feriti;Urto con veicolo in sosta;5;0;1;0;0;0;0;
2015-03-29;06:44:00;0 S.S. 195 RAC ( EX CASIC);;;Danneggiamento;Danneggiamenti x Buca sulla sede stradale;1;1;0;0;0;0;0;
2015-03-30;21:13:00;VIA FLUMENTEPIDO;;;Danneggiamento;Ramo su auto;1;0;0;0;0;0;0;
2015-03-30;14:57:00;VIA GIOTTO;20;;Danneggiamento;Urto con cassonetto;1;0;0;0;0;0;0;
2015-03-30;17:35:00;VIA DANTE;133;;Danneggiamento;Danneggiamento auto in sosta;1;0;0;0;0;0;0;
2015-03-30;11:45:00;VIA MESSINA;1;;Danneggiamento;Urto con cassonetto;1;1;0;0;0;0;0;
2015-03-30;20:27:00;VIA MONS. PIOVELLA;6;;Danneggiamento;Urto con cassonetto;1;0;0;0;0;0;0;
2015-03-30;14:15:00;VIA REDIPUGLIA;< x >;VIA DOBERDO;Danneggiamento;Cornicione su auto;1;0;0;0;0;0;0;
2015-03-30;17:25:00;VIA S.ALENIXEDDA;fr 15;;Danneggiamento;Urto con cassonetto;1;0;0;0;0;0;0;
2015-03-30;11:38:00;LARGO DESSI`;< x >;VIA S.SATURNINO;Danneggiamento;Danneggiamento auto in sosta;1;0;0;0;0;0;0;
2015-03-30;18:41:00;VIA MONS. PIOVELLA;49;;Danneggiamento;Ramo su auto;1;0;0;0;0;0;0;
2015-03-30;14:52:00;VIA BATTISTI;< x >;VIALE TRENTO;Danneggiamento;Danneggiamento auto in sosta;1;0;0;0;0;0;0;
2015-03-30;17:46:00;VIA CASTIGLIONE;20;;Danneggiamento;Urto con cassonetto;1;0;0;0;0;0;0;
2015-03-30;18:55:00;STRADA MARCONI BIS (ARGINALE);;;Danneggiamento;Frontale / laterale;3;0;0;0;0;0;0;
2015-03-30;14:01:00;VIALE TRIESTE;161;;Danneggiamento;Ramo su auto;1;0;0;0;0;0;0;
2015-03-30;16:31:00;VIA NEWTON;;;Danneggiamento;Danneggiamento auto in sosta;1;0;0;0;0;0;0;
2015-03-30;18:24:00;VIA JENNER;< x >;VIA KOCH;Incidente stradale con feriti;Investimento di pedone;1;0;2;0;1;0;0;
2015-03-30;13:13:00;VIA DALMAZIA;33;;Danneggiamento;Danneggiamento auto in sosta;1;0;1;1;0;0;0;
2015-03-30;16:25:00;PIAZZA MARSIGLIA;5;;Danneggiamento;Ramo su auto;2;0;0;0;0;0;0;
2015-03-30;18:54:00;VIA BACAREDDA;< x >;VIA COCCO ORTU;Danneggiamento;Danneggiamento auto in sosta;2;2;0;0;0;0;0;
2015-03-30;12:55:00;VIA TEMO;2;;Danneggiamento;Danneggiamento auto in sosta;2;0;0;0;0;0;0;
2015-03-30;15:41:00;VIA CARBONI BOI;7;;Danneggiamento;Ramo su auto;1;0;0;0;0;0;0;
2015-03-30;18:17:00;VIALE DIAZ;;;Danneggiamento;Ramo su auto;3;2;1;2;0;0;0;
2015-03-30;12:20:00;VIA XXVIII FEBBRAIO;;VIA SALVEMINI;Incidente stradale con feriti;Investimento di pedone;1;1;1;1;0;0;0;
2015-03-31;15:44:00;VIA FLUMENTEPIDO;75;;Danneggiamento;Urto con cassonetto;1;0;0;0;0;0;0;
2015-03-31;14:57:00;0 S.S. 195 RAC ( EX CASIC);KM. 1,000;;Danneggiamento;Danneggiamenti x Buca sulla sede stradale;1;1;0;0;0;0;0;
2015-03-31;14:35:00;VIA FLUMENTEPIDO;75;;Danneggiamento;Urto con cassonetto;1;0;0;0;0;0;0;
2015-03-31;13:42:00;0 S.S. 195 RAC ( EX CASIC);KM. 1,000;;Danneggiamento;Danneggiamenti x Buca sulla sede stradale;1;0;1;0;0;0;0;
2015-03-31;21:18:00;VIA CAMPANIA;< x >;VIA IS MIRRIONIS;Danneggiamento;Danneggiamenti x Buca sulla sede stradale;1;1;0;0;0;0;0;
2015-03-31;11:04:00;VIA BACAREDDA;< x >;VIA TEMPIO;Incidente stradale con feriti;Tamponamento;2;1;2;0;1;0;0;
2015-03-31;16:43:00;VIA FLUMENTEPIDO;22;;Danneggiamento;Urto con cassonetto;1;0;0;0;0;0;0;
2015-03-31;00:18:00;VIA PACINOTTI;;;Danneggiamento;Danneggiamento auto in sosta;1;0;0;0;0;0;0;
2015-03-31;15:47:00;VIALE DIAZ;< x >;VIA MESSINA;Danneggiamento;Urto con cassonetto;1;1;0;0;0;0;0;
